-- ============================================================
-- Joe's Fit — Supabase (PostgreSQL) schema
-- Converted from the original MySQL database.sql
-- Includes: enums, tables, Row-Level Security, an order-tracking
-- RPC, an auth->customer profile trigger, and seed data.
-- ============================================================

-- ---------- Clean slate (makes this script safe to re-run) ----------
-- Drops our objects if they already exist, so running the file twice
-- won't fail with "type ... already exists". This only removes Joe's Fit
-- tables/types — it does not touch Supabase's own schemas.
drop table if exists
  order_history, order_items, reviews, notifications,
  orders, products, categories, customers, staff, coupons cascade;
drop function if exists track_order(text) cascade;
drop function if exists handle_new_user() cascade;
drop function if exists set_updated_at() cascade;
drop type if exists
  payment_method, payment_status, delivery_method,
  order_status, coupon_type, notif_type cascade;

-- ---------- Enum types (MySQL ENUMs -> Postgres types) ----------
create type payment_method  as enum ('cod','gcash','maya','card');
create type payment_status  as enum ('pending','paid','failed','refunded');
create type delivery_method as enum ('standard','express','pickup');
create type order_status    as enum ('pending','confirmed','processing','shipped','delivered','cancelled','returned');
create type coupon_type     as enum ('percent','fixed');
create type notif_type      as enum ('new_order','low_stock','review','payment','other');

-- ---------- updated_at helper ----------
create or replace function set_updated_at()
returns trigger language plpgsql as $$
begin
  new.updated_at = now();
  return new;
end;
$$;

-- ---------- Categories ----------
create table categories (
  id          bigint generated by default as identity primary key,
  name        varchar(100) not null,
  slug        varchar(100) not null unique,
  description text,
  image       varchar(255),
  is_active   boolean default true,
  created_at  timestamptz default now()
);

-- ---------- Products ----------
create table products (
  id          bigint generated by default as identity primary key,
  category_id bigint not null references categories(id) on delete restrict,
  name        varchar(200) not null,
  slug        varchar(200) not null unique,
  description text,
  price       numeric(10,2) not null,
  sale_price  numeric(10,2),
  stock       int default 0,
  sku         varchar(100),
  image       varchar(255),
  images      text,
  sizes       varchar(255),
  colors      varchar(255),
  is_featured boolean default false,
  is_active   boolean default true,
  created_at  timestamptz default now(),
  updated_at  timestamptz default now()
);
create index on products (category_id);
create trigger products_updated_at before update on products
  for each row execute function set_updated_at();

-- ---------- Staff/Admin (managed via Supabase Studio for now) ----------
create table staff (
  id         bigint generated by default as identity primary key,
  name       varchar(100) not null,
  email      varchar(150) not null unique,
  password   varchar(255) not null,
  role       text not null default 'staff' check (role in ('admin','staff')),
  phone      varchar(20),
  avatar     varchar(255),
  is_active  boolean default true,
  last_login timestamptz,
  created_at timestamptz default now()
);

-- ---------- Customers (profile linked to Supabase Auth user) ----------
create table customers (
  id         uuid primary key references auth.users(id) on delete cascade,
  name       varchar(100) not null default '',
  email      varchar(150) not null,
  phone      varchar(20),
  address    text,
  city       varchar(100),
  province   varchar(100),
  zip        varchar(10),
  is_active  boolean default true,
  created_at timestamptz default now()
);

-- ---------- Orders ----------
create table orders (
  id               bigint generated by default as identity primary key,
  tracking_code    varchar(20) not null unique,
  customer_id      uuid references customers(id) on delete set null,
  customer_name    varchar(100) not null,
  customer_email   varchar(150) not null,
  customer_phone   varchar(20),
  shipping_address text not null,
  shipping_city    varchar(100) not null,
  shipping_province varchar(100) not null,
  shipping_zip     varchar(10),
  payment_method   payment_method default 'cod',
  payment_status   payment_status default 'pending',
  delivery_method  delivery_method default 'standard',
  status           order_status default 'pending',
  subtotal         numeric(10,2) not null,
  shipping_fee     numeric(10,2) default 0,
  discount         numeric(10,2) default 0,
  total            numeric(10,2) not null,
  notes            text,
  assigned_to      bigint references staff(id) on delete set null,
  created_at       timestamptz default now(),
  updated_at       timestamptz default now()
);
create index on orders (customer_id);
create trigger orders_updated_at before update on orders
  for each row execute function set_updated_at();

-- ---------- Order Items ----------
create table order_items (
  id            bigint generated by default as identity primary key,
  order_id      bigint not null references orders(id) on delete cascade,
  product_id    bigint references products(id) on delete set null,
  product_name  varchar(200) not null,
  product_image varchar(255),
  size          varchar(20),
  color         varchar(50),
  quantity      int not null default 1,
  price         numeric(10,2) not null,
  subtotal      numeric(10,2) not null
);
create index on order_items (order_id);
create index on order_items (product_id);

-- ---------- Order Status History ----------
create table order_history (
  id         bigint generated by default as identity primary key,
  order_id   bigint not null references orders(id) on delete cascade,
  status     varchar(50) not null,
  note       text,
  updated_by bigint references staff(id) on delete set null,
  created_at timestamptz default now()
);
create index on order_history (order_id);

-- ---------- Reviews ----------
create table reviews (
  id            bigint generated by default as identity primary key,
  product_id    bigint not null references products(id) on delete cascade,
  order_id      bigint references orders(id) on delete set null,
  customer_id   uuid references customers(id) on delete set null,
  customer_name varchar(100) not null,
  rating        smallint not null default 5 check (rating between 1 and 5),
  title         varchar(200),
  body          text,
  is_approved   boolean default false,
  created_at    timestamptz default now()
);
create index on reviews (product_id);
create index on reviews (order_id);

-- ---------- Notifications ----------
create table notifications (
  id         bigint generated by default as identity primary key,
  type       notif_type default 'other',
  title      varchar(200) not null,
  message    text not null,
  link       varchar(255),
  is_read    boolean default false,
  created_at timestamptz default now()
);

-- ---------- Coupons ----------
create table coupons (
  id         bigint generated by default as identity primary key,
  code       varchar(50) not null unique,
  type       coupon_type default 'percent',
  value      numeric(10,2) not null,
  min_order  numeric(10,2) default 0,
  max_uses   int,
  used_count int default 0,
  expires_at date,
  is_active  boolean default true,
  created_at timestamptz default now()
);

-- ============================================================
-- AUTH -> CUSTOMER PROFILE
-- Auto-create a customers row whenever a new auth user signs up.
-- ============================================================
create or replace function handle_new_user()
returns trigger language plpgsql security definer set search_path = public as $$
begin
  insert into public.customers (id, email, name)
  values (new.id, new.email, coalesce(new.raw_user_meta_data->>'name', ''))
  on conflict (id) do nothing;
  return new;
end;
$$;

create trigger on_auth_user_created
  after insert on auth.users
  for each row execute function handle_new_user();

-- ============================================================
-- ORDER TRACKING RPC (lets guests look up an order by code only)
-- ============================================================
create or replace function track_order(p_code text)
returns jsonb language plpgsql security definer set search_path = public as $$
declare result jsonb;
begin
  select jsonb_build_object(
    'order', to_jsonb(o) - 'customer_email' - 'customer_phone' - 'shipping_address',
    'items', coalesce((select jsonb_agg(to_jsonb(oi)) from order_items oi where oi.order_id = o.id), '[]'::jsonb),
    'history', coalesce((select jsonb_agg(to_jsonb(oh) order by oh.created_at) from order_history oh where oh.order_id = o.id), '[]'::jsonb)
  )
  into result
  from orders o
  where o.tracking_code = upper(trim(p_code));
  return result;
end;
$$;
grant execute on function track_order(text) to anon, authenticated;

-- ============================================================
-- ROW LEVEL SECURITY
-- ============================================================
alter table categories     enable row level security;
alter table products       enable row level security;
alter table customers      enable row level security;
alter table orders         enable row level security;
alter table order_items    enable row level security;
alter table order_history  enable row level security;
alter table reviews        enable row level security;
alter table coupons        enable row level security;
alter table notifications  enable row level security;
alter table staff          enable row level security;

-- Public catalog: anyone can read active categories/products
create policy "public read active categories" on categories
  for select using (is_active = true);
create policy "public read active products" on products
  for select using (is_active = true);

-- Customers: a user can read/update only their own profile
create policy "own profile read"   on customers for select using (auth.uid() = id);
create policy "own profile update" on customers for update using (auth.uid() = id);

-- Orders: a logged-in customer can read their own orders
create policy "own orders read" on orders
  for select using (auth.uid() = customer_id);

-- Order items / history: readable if the parent order belongs to the user
create policy "own order items read" on order_items
  for select using (exists (
    select 1 from orders o where o.id = order_items.order_id and o.customer_id = auth.uid()
  ));
create policy "own order history read" on order_history
  for select using (exists (
    select 1 from orders o where o.id = order_history.order_id and o.customer_id = auth.uid()
  ));

-- Reviews: anyone reads approved reviews; logged-in users can submit (pending approval)
create policy "public read approved reviews" on reviews
  for select using (is_approved = true);
create policy "auth insert reviews" on reviews
  for insert with check (auth.uid() = customer_id);

-- coupons, notifications, staff: no public policies ->
-- only the service_role (Edge Functions / Studio) can touch them.

-- ============================================================
-- SEED DATA  (explicit ids so sample orders line up)
-- ============================================================
insert into categories (id, name, slug, description, is_active) values
(1,'Varsity Jackets','varsity-jackets','Classic American collegiate style',true),
(2,'Bomber Jackets','bomber-jackets','Sleek and sporty bomber styles',true),
(3,'Windbreakers','windbreakers','Lightweight weather-resistant jackets',true),
(4,'Hooded Jackets','hooded-jackets','Casual hooded styles for everyday wear',true),
(5,'Leather Jackets','leather-jackets','Premium leather and faux leather styles',true);

insert into products (id, category_id, name, slug, description, price, sale_price, stock, sku, sizes, colors, is_featured, is_active) values
(1,1,'Classic Black Varsity','classic-black-varsity','Timeless black varsity jacket with white leather sleeves, ribbed cuffs, and embroidered chest logo. Made with premium wool blend.',2499.00,1999.00,50,'JF-VAR-001','S,M,L,XL,XXL','Black/White,Navy/White,Red/White',true,true),
(2,1,'Gold Edition Varsity','gold-edition-varsity','Premium varsity jacket featuring luxurious gold accents and satin lining. A statement piece for the bold.',3299.00,null,30,'JF-VAR-002','S,M,L,XL','Black/Gold,Navy/Gold',true,true),
(3,2,'Alpha Bomber MA-1','alpha-bomber-ma1','Military-inspired MA-1 bomber jacket in nylon with knit collar and cuffs. Classic orange lining inside.',1899.00,1599.00,75,'JF-BOM-001','S,M,L,XL,XXL','Olive,Black,Navy,Khaki',true,true),
(4,2,'Satin Bomber Luxe','satin-bomber-luxe','Sophisticated satin bomber with floral embroidery on the back. Street-meets-luxury aesthetic.',2799.00,null,25,'JF-BOM-002','S,M,L,XL','Black,Champagne,Burgundy',true,true),
(5,3,'Storm Windbreaker','storm-windbreaker','Lightweight packable windbreaker with taped seams and adjustable hood. Perfect for active lifestyles.',1499.00,1199.00,100,'JF-WIN-001','S,M,L,XL,XXL','Black,Electric Blue,Neon Green,Red',false,true),
(6,3,'Urban Shell Jacket','urban-shell-jacket','Technical shell jacket designed for city explorers. Water-resistant and breathable.',1799.00,null,60,'JF-WIN-002','S,M,L,XL','Stealth Black,Concrete Gray,Forest',false,true),
(7,4,'Essential Hoodie Jacket','essential-hoodie-jacket','Cozy fleece-lined hoodie jacket with kangaroo pocket and full-zip closure. Weekend essential.',1299.00,999.00,120,'JF-HOD-001','S,M,L,XL,XXL,3XL','Black,Heather Gray,Navy,Burgundy',false,true),
(8,5,'Moto Faux Leather','moto-faux-leather','Edgy moto jacket in vegan faux leather with asymmetric zipper, zippered pockets, and buckle details.',2999.00,null,40,'JF-LEA-001','XS,S,M,L,XL','Jet Black,Dark Brown,Deep Red',true,true);

insert into coupons (code, type, value, min_order, max_uses, is_active) values
('JOESFIT10','percent',10.00,500.00,100,true),
('WELCOME20','percent',20.00,1000.00,50,true),
('FLAT200','fixed',200.00,1500.00,30,true);

insert into orders (id, tracking_code, customer_name, customer_email, customer_phone, shipping_address, shipping_city, shipping_province, shipping_zip, payment_method, payment_status, delivery_method, status, subtotal, shipping_fee, total) values
(1,'JF-20240001','Maria Santos','maria@example.com','09171234567','123 Rizal Street, Barangay 1','Quezon City','Metro Manila','1100','gcash','paid','standard','delivered',1999.00,150.00,2149.00),
(2,'JF-20240002','Juan dela Cruz','juan@example.com','09281234567','456 Mabini Ave','Manila','Metro Manila','1000','cod','pending','standard','shipped',2799.00,150.00,2949.00),
(3,'JF-20240003','Ana Reyes','ana@example.com','09391234567','789 Bonifacio St','Makati','Metro Manila','1200','maya','paid','express','processing',3299.00,250.00,3549.00);

insert into order_items (order_id, product_id, product_name, size, color, quantity, price, subtotal) values
(1,1,'Classic Black Varsity','M','Black/White',1,1999.00,1999.00),
(2,4,'Satin Bomber Luxe','L','Black',1,2799.00,2799.00),
(3,2,'Gold Edition Varsity','M','Black/Gold',1,3299.00,3299.00);

insert into order_history (order_id, status, note) values
(1,'pending','Order placed'),
(1,'confirmed','Payment verified via GCash'),
(1,'processing','Being prepared for shipping'),
(1,'shipped','Handed to courier'),
(1,'delivered','Package delivered'),
(2,'pending','Order placed'),
(2,'confirmed','Order confirmed'),
(2,'shipped','Out for delivery'),
(3,'pending','Order placed'),
(3,'confirmed','Payment verified via Maya'),
(3,'processing','Being prepared');

insert into reviews (product_id, order_id, customer_name, rating, title, body, is_approved) values
(1,1,'Maria Santos',5,'Perfect fit, love the quality!','The jacket exceeded my expectations. The wool blend feels premium and the white leather sleeves are spotless. Highly recommend!',true);

-- Fix identity sequences so future auto-generated ids continue past seeded rows
select setval(pg_get_serial_sequence('categories','id'), (select max(id) from categories));
select setval(pg_get_serial_sequence('products','id'),   (select max(id) from products));
select setval(pg_get_serial_sequence('orders','id'),     (select max(id) from orders));
select setval(pg_get_serial_sequence('order_items','id'),(select max(id) from order_items));
select setval(pg_get_serial_sequence('order_history','id'),(select max(id) from order_history));
select setval(pg_get_serial_sequence('reviews','id'),    (select max(id) from reviews));
